{
  "test_suite": "default",
  "retrieval": {
    "vector": {
      "recall@1": 0.32,
      "precision@1": 0.4,
      "ndcg@1": 0.4,
      "hit@1": 0.4,
      "recall@3": 0.3962962962962963,
      "precision@3": 0.4,
      "ndcg@3": 0.419738794064391,
      "hit@3": 0.4666666666666667,
      "recall@5": 0.5207407407407407,
      "precision@5": 0.44,
      "ndcg@5": 0.4749153736629203,
      "hit@5": 0.5333333333333333,
      "recall@8": 0.6659259259259259,
      "precision@8": 0.39166666666666666,
      "ndcg@8": 0.4845445899902058,
      "hit@8": 0.6,
      "mrr": 0.46777777777777785,
      "map": 0.5197342375164873
    },
    "bm25": {
      "recall@1": 0.2903703703703704,
      "precision@1": 0.4,
      "ndcg@1": 0.4,
      "hit@1": 0.4,
      "recall@3": 0.32962962962962966,
      "precision@3": 0.3555555555555555,
      "ndcg@3": 0.3687147515984829,
      "hit@3": 0.4,
      "recall@5": 0.35185185185185186,
      "precision@5": 0.29333333333333333,
      "ndcg@5": 0.32193463417741597,
      "hit@5": 0.4,
      "recall@8": 0.4148148148148148,
      "precision@8": 0.30833333333333335,
      "ndcg@8": 0.3245309705539636,
      "hit@8": 0.4666666666666667,
      "mrr": 0.42129629629629634,
      "map": 0.29074884972777987
    },
    "hybrid": {
      "recall@1": 0.33111111111111113,
      "precision@1": 0.5333333333333333,
      "ndcg@1": 0.5333333333333333,
      "hit@1": 0.5333333333333333,
      "recall@3": 0.4037037037037037,
      "precision@3": 0.4222222222222222,
      "ndcg@3": 0.4666666666666667,
      "hit@3": 0.5333333333333333,
      "recall@5": 0.47555555555555556,
      "precision@5": 0.38666666666666666,
      "ndcg@5": 0.4570393078470134,
      "hit@5": 0.6,
      "recall@8": 0.6296296296296295,
      "precision@8": 0.36666666666666664,
      "ndcg@8": 0.471784027470705,
      "hit@8": 0.7333333333333333,
      "mrr": 0.5706349206349207,
      "map": 0.37106343581885376
    }
  },
  "generation": {
    "faithfulness": 0.9333333333333333,
    "answer_relevance": 0.62
  },
  "per_category": {
    "factual_lookup": {
      "vector": {
        "recall@1": 0.03812636165577342,
        "precision@1": 0.6666666666666666,
        "ndcg@1": 0.6666666666666666,
        "hit@1": 0.6666666666666666,
        "recall@3": 0.11437908496732026,
        "precision@3": 0.6666666666666666,
        "ndcg@3": 0.6666666666666666,
        "hit@3": 0.6666666666666666,
        "recall@5": 0.19063180827886708,
        "precision@5": 0.6666666666666666,
        "ndcg@5": 0.6666666666666666,
        "hit@5": 0.6666666666666666,
        "recall@8": 0.579520697167756,
        "precision@8": 0.625,
        "ndcg@8": 0.7228603509786495,
        "hit@8": 1.0,
        "mrr": 0.7222222222222223,
        "map": 0.6744714053492054
      },
      "bm25": {
        "recall@1": 0.03812636165577342,
        "precision@1": 0.6666666666666666,
        "ndcg@1": 0.6666666666666666,
        "hit@1": 0.6666666666666666,
        "recall@3": 0.11437908496732026,
        "precision@3": 0.6666666666666666,
        "ndcg@3": 0.6666666666666666,
        "hit@3": 0.6666666666666666,
        "recall@5": 0.1514161220043573,
        "precision@5": 0.5333333333333333,
        "ndcg@5": 0.5742421908816506,
        "hit@5": 0.6666666666666666,
        "recall@8": 0.24618736383442266,
        "precision@8": 0.5416666666666666,
        "ndcg@8": 0.569632559497066,
        "hit@8": 0.6666666666666666,
        "mrr": 0.6666666666666666,
        "map": 0.44856774703910923
      },
      "hybrid": {
        "recall@1": 0.03812636165577342,
        "precision@1": 0.6666666666666666,
        "ndcg@1": 0.6666666666666666,
        "hit@1": 0.6666666666666666,
        "recall@3": 0.09477124183006536,
        "precision@3": 0.5555555555555555,
        "ndcg@3": 0.5884535456628739,
        "hit@3": 0.6666666666666666,
        "recall@5": 0.31808278867102396,
        "precision@5": 0.6,
        "ndcg@5": 0.6544276474744803,
        "hit@5": 1.0,
        "recall@8": 0.39324618736383443,
        "precision@8": 0.5416666666666666,
        "ndcg@8": 0.6232835431129287,
        "hit@8": 1.0,
        "mrr": 0.75,
        "map": 0.5025202738438033
      }
    },
    "definition": {
      "vector": {
        "recall@1": 0.19047619047619047,
        "precision@1": 0.6666666666666666,
        "ndcg@1": 0.6666666666666666,
        "hit@1": 0.6666666666666666,
        "recall@3": 0.4047619047619047,
        "precision@3": 0.5555555555555555,
        "ndcg@3": 0.6666666666666666,
        "hit@3": 0.6666666666666666,
        "recall@5": 0.7857142857142857,
        "precision@5": 0.6,
        "ndcg@5": 0.8337552784472958,
        "hit@5": 0.6666666666666666,
        "recall@8": 0.9523809523809524,
        "precision@8": 0.4166666666666667,
        "ndcg@8": 0.8218214968964498,
        "hit@8": 0.6666666666666666,
        "mrr": 0.7000000000000001,
        "map": 1.0578294251696507
      },
      "bm25": {
        "recall@1": 0.023809523809523808,
        "precision@1": 0.3333333333333333,
        "ndcg@1": 0.3333333333333333,
        "hit@1": 0.3333333333333333,
        "recall@3": 0.047619047619047616,
        "precision@3": 0.2222222222222222,
        "ndcg@3": 0.2551202123295406,
        "hit@3": 0.3333333333333333,
        "recall@5": 0.047619047619047616,
        "precision@5": 0.13333333333333333,
        "ndcg@5": 0.1843821566693812,
        "hit@5": 0.3333333333333333,
        "recall@8": 0.09523809523809523,
        "precision@8": 0.16666666666666666,
        "ndcg@8": 0.19414210903578977,
        "hit@8": 0.3333333333333333,
        "mrr": 0.3611111111111111,
        "map": 0.33310277685277684
      },
      "hybrid": {
        "recall@1": 0.19047619047619047,
        "precision@1": 0.6666666666666666,
        "ndcg@1": 0.6666666666666666,
        "hit@1": 0.6666666666666666,
        "recall@3": 0.4047619047619047,
        "precision@3": 0.5555555555555555,
        "ndcg@3": 0.6666666666666666,
        "hit@3": 0.6666666666666666,
        "recall@5": 0.42857142857142855,
        "precision@5": 0.4000000000000001,
        "ndcg@5": 0.6179772167190979,
        "hit@5": 0.6666666666666666,
        "recall@8": 0.6190476190476191,
        "precision@8": 0.3333333333333333,
        "ndcg@8": 0.6450189004307183,
        "hit@8": 1.0,
        "mrr": 0.7222222222222223,
        "map": 0.6168431088543871
      }
    },
    "summary": {
      "vector": {
        "recall@1": 0.06787330316742082,
        "precision@1": 1.0,
        "ndcg@1": 1.0,
        "hit@1": 1.0,
        "recall@3": 0.165158371040724,
        "precision@3": 0.8333333333333333,
        "ndcg@3": 0.8826803184943108,
        "hit@3": 1.0,
        "recall@5": 0.26244343891402716,
        "precision@5": 0.8,
        "ndcg@5": 0.8421757737602428,
        "hit@5": 1.0,
        "recall@8": 0.3506787330316742,
        "precision@8": 0.6875,
        "ndcg@8": 0.755191687263857,
        "hit@8": 1.0,
        "mrr": 1.0,
        "map": 0.7762457614624796
      },
      "bm25": {
        "recall@1": 0.06787330316742082,
        "precision@1": 1.0,
        "ndcg@1": 1.0,
        "hit@1": 1.0,
        "recall@3": 0.20361990950226244,
        "precision@3": 1.0,
        "ndcg@3": 1.0,
        "hit@3": 1.0,
        "recall@5": 0.2330316742081448,
        "precision@5": 0.7,
        "ndcg@5": 0.7957607475663051,
        "hit@5": 1.0,
        "recall@8": 0.30090497737556565,
        "precision@8": 0.5625,
        "ndcg@8": 0.675525763994427,
        "hit@8": 1.0,
        "mrr": 1.0,
        "map": 0.49063278350608663
      },
      "hybrid": {
        "recall@1": 0.06787330316742082,
        "precision@1": 1.0,
        "ndcg@1": 1.0,
        "hit@1": 1.0,
        "recall@3": 0.13574660633484165,
        "precision@3": 0.6666666666666666,
        "ndcg@3": 0.7346393630113781,
        "hit@3": 1.0,
        "recall@5": 0.2330316742081448,
        "precision@5": 0.7,
        "ndcg@5": 0.7426142775581612,
        "hit@5": 1.0,
        "recall@8": 0.3981900452488688,