{
  "test_suite": "default",
  "retrieval": {
    "hybrid": {
      "recall@1": 0.4521212121212121,
      "recall@3": 0.6004617604617605,
      "recall@5": 0.6692784992784994,
      "recall@8": 0.7742857142857142,
      "hit@1": 0.4,
      "hit@3": 0.5333333333333333,
      "hit@5": 0.5333333333333333,
      "hit@8": 0.6,
      "precision@1": 0.4,
      "precision@3": 0.3555555555555555,
      "precision@5": 0.33333333333333326,
      "precision@8": 0.3,
      "mrr": 0.475,
      "map": 0.3699195587928349,
      "ndcg@1": 0.4,
      "ndcg@3": 0.39103794110552237,
      "ndcg@5": 0.38253183167268306,
      "ndcg@8": 0.3898942801489134
    },
    "hybrid_reranked": {
      "recall@1": 0.4521212121212121,
      "recall@3": 0.6004617604617605,
      "recall@5": 0.6692784992784994,
      "recall@8": 0.7742857142857142,
      "hit@1": 0.4,
      "hit@3": 0.5333333333333333,
      "hit@5": 0.5333333333333333,
      "hit@8": 0.6,
      "precision@1": 0.4,
      "precision@3": 0.3555555555555555,
      "precision@5": 0.33333333333333326,
      "precision@8": 0.3,
      "mrr": 0.475,
      "map": 0.3699195587928349,
      "ndcg@1": 0.4,
      "ndcg@3": 0.39103794110552237,
      "ndcg@5": 0.38253183167268306,
      "ndcg@8": 0.3898942801489134
    }
  },
  "generation": {
    "faithfulness": 0.8733333333333333,
    "answer_relevance": 0.9333333333333335
  }
}