{
  "test_suite": "default",
  "retrieval": {
    "vector": {
      "recall@1": 0.26617665959771225,
      "precision@1": 0.5333333333333333,
      "ndcg@1": 0.5333333333333333,
      "hit@1": 0.5333333333333333,
      "recall@3": 0.3600684403315982,
      "precision@3": 0.4888888888888889,
      "ndcg@3": 0.5176907091325748,
      "hit@3": 0.5333333333333333,
      "recall@5": 0.4872935543988176,
      "precision@5": 0.4933333333333333,
      "ndcg@5": 0.5457078255241581,
      "hit@5": 0.5333333333333333,
      "recall@8": 0.6138607737291947,
      "precision@8": 0.43333333333333335,
      "ndcg@8": 0.5363483853813432,
      "hit@8": 0.6,
      "mrr": 0.5495726495726496,
      "map": 0.580897781840352
    },
    "bm25": {
      "recall@1": 0.22543591885697148,
      "precision@1": 0.4,
      "ndcg@1": 0.4,
      "hit@1": 0.4,
      "recall@3": 0.26321251847567634,
      "precision@3": 0.3333333333333333,
      "ndcg@3": 0.3489759575340919,
      "hit@3": 0.4,
      "recall@5": 0.2859708030760662,
      "precision@5": 0.28,
      "ndcg@5": 0.3076688831951141,
      "hit@5": 0.4,
      "recall@8": 0.3303882034145192,
      "precision@8": 0.25833333333333336,
      "ndcg@8": 0.28600386179303483,
      "hit@8": 0.4666666666666667,
      "mrr": 0.43262527233115466,
      "map": 0.25596790437467204
    },
    "hybrid": {
      "recall@1": 0.26141475483580745,
      "precision@1": 0.4666666666666667,
      "ndcg@1": 0.4666666666666667,
      "hit@1": 0.4666666666666667,
      "recall@3": 0.3395657948289527,
      "precision@3": 0.4,
      "ndcg@3": 0.4353814182651495,
      "hit@3": 0.5333333333333333,
      "recall@5": 0.3989929417560997,
      "precision@5": 0.36,
      "ndcg@5": 0.42155090392314665,
      "hit@5": 0.6,
      "recall@8": 0.5901425572478204,
      "precision@8": 0.35,
      "ndcg@8": 0.4520131542535952,
      "hit@8": 0.7333333333333333,
      "mrr": 0.5394179894179895,
      "map": 0.3755374944781878
    }
  },
  "generation": {
    "faithfulness": 0.9533333333333334,
    "answer_relevance": 0.5466666666666666
  },
  "per_category": {
    "negative": {
      "vector": {
        "recall@1": 1.0,
        "precision@1": 0.0,
        "ndcg@1": 0.0,
        "hit@1": 0.0,
        "recall@3": 1.0,
        "precision@3": 0.0,
        "ndcg@3": 0.0,
        "hit@3": 0.0,
        "recall@5": 1.0,
        "precision@5": 0.0,
        "ndcg@5": 0.0,
        "hit@5": 0.0,
        "recall@8": 1.0,
        "precision@8": 0.0,
        "ndcg@8": 0.0,
        "hit@8": 0.0,
        "mrr": 0.0,
        "map": 0.0
      },
      "bm25": {
        "recall@1": 1.0,
        "precision@1": 0.0,
        "ndcg@1": 0.0,
        "hit@1": 0.0,
        "recall@3": 1.0,
        "precision@3": 0.0,
        "ndcg@3": 0.0,
        "hit@3": 0.0,
        "recall@5": 1.0,
        "precision@5": 0.0,
        "ndcg@5": 0.0,
        "hit@5": 0.0,
        "recall@8": 1.0,
        "precision@8": 0.0,
        "ndcg@8": 0.0,
        "hit@8": 0.0,
        "mrr": 0.0,
        "map": 0.0
      },
      "hybrid": {
        "recall@1": 1.0,
        "precision@1": 0.0,
        "ndcg@1": 0.0,
        "hit@1": 0.0,
        "recall@3": 1.0,
        "precision@3": 0.0,
        "ndcg@3": 0.0,
        "hit@3": 0.0,
        "recall@5": 1.0,
        "precision@5": 0.0,
        "ndcg@5": 0.0,
        "hit@5": 0.0,
        "recall@8": 1.0,
        "precision@8": 0.0,
        "ndcg@8": 0.0,
        "hit@8": 0.0,
        "mrr": 0.0,
        "map": 0.0
      }
    },
    "factual_lookup": {
      "vector": {
        "recall@1": 0.03715170278637771,
        "precision@1": 0.6666666666666666,
        "ndcg@1": 0.6666666666666666,
        "hit@1": 0.6666666666666666,
        "recall@3": 0.11145510835913312,
        "precision@3": 0.6666666666666666,
        "ndcg@3": 0.6666666666666666,
        "hit@3": 0.6666666666666666,
        "recall@5": 0.18575851393188855,
        "precision@5": 0.6666666666666666,
        "ndcg@5": 0.6666666666666666,
        "hit@5": 0.6666666666666666,
        "recall@8": 0.5717234262125903,
        "precision@8": 0.625,
        "ndcg@8": 0.7228603509786495,
        "hit@8": 1.0,
        "mrr": 0.7222222222222223,
        "map": 0.6549782279612911
      },
      "bm25": {
        "recall@1": 0.03715170278637771,
        "precision@1": 0.6666666666666666,
        "ndcg@1": 0.6666666666666666,
        "hit@1": 0.6666666666666666,
        "recall@3": 0.09184726522187821,
        "precision@3": 0.5555555555555555,
        "ndcg@3": 0.5884535456628739,
        "hit@3": 0.6666666666666666,
        "recall@5": 0.12693498452012383,
        "precision@5": 0.4666666666666666,
        "ndcg@5": 0.5177154900027146,
        "hit@5": 0.6666666666666666,
        "recall@8": 0.21878224974200208,
        "precision@8": 0.5,
        "ndcg@8": 0.5274754423691231,
        "hit@8": 0.6666666666666666,
        "mrr": 0.6666666666666666,
        "map": 0.437446596231426
      },
      "hybrid": {
        "recall@1": 0.03715170278637771,
        "precision@1": 0.6666666666666666,
        "ndcg@1": 0.6666666666666666,
        "hit@1": 0.6666666666666666,
        "recall@3": 0.09184726522187821,
        "precision@3": 0.5555555555555555,
        "ndcg@3": 0.5884535456628739,
        "hit@3": 0.6666666666666666,
        "recall@5": 0.3132094943240454,
        "precision@5": 0.6,
        "ndcg@5": 0.6544276474744803,
        "hit@5": 1.0,
        "recall@8": 0.38544891640866874,
        "precision@8": 0.5416666666666666,
        "ndcg@8": 0.6232835431129287,
        "hit@8": 1.0,
        "mrr": 0.75,
        "map": 0.4898998748069956
      }
    },
    "definition": {
      "vector": {
        "recall@1": 0.19047619047619047,
        "precision@1": 0.6666666666666666,
        "ndcg@1": 0.6666666666666666,
        "hit@1": 0.6666666666666666,
        "recall@3": 0.4047619047619047,
        "precision@3": 0.5555555555555555,
        "ndcg@3": 0.6666666666666666,
        "hit@3": 0.6666666666666666,
        "recall@5": 0.7857142857142857,
        "precision@5": 0.6,
        "ndcg@5": 0.8337552784472958,
        "hit@5": 0.6666666666666666,
        "recall@8": 0.9523809523809524,
        "precision@8": 0.4166666666666667,
        "ndcg@8": 0.8218214968964498,
        "hit@8": 0.6666666666666666,
        "mrr": 0.6969696969696969,
        "map": 1.055051647391873
      },
      "bm25": {
        "recall@1": 0.023809523809523808,
        "precision@1": 0.3333333333333333,
        "ndcg@1": 0.3333333333333333,
        "hit@1": 0.3333333333333333,
        "recall@3": 0.047619047619047616,
        "precision@3": 0.2222222222222222,
        "ndcg@3": 0.2551202123295406,
        "hit@3": 0.3333333333333333,
        "recall@5": 0.047619047619047616,
        "precision@5": 0.13333333333333333,
        "ndcg@5": 0.1843821566693812,
        "hit@5": 0.3333333333333333,
        "recall@8": 0.09523809523809523,
        "precision@8": 0.16666666666666666,
        "ndcg@8": 0.19414210903578977,
        "hit@8": 0.3333333333333333,
        "mrr": 0.3611111111111111,
        "map": 0.33310277685277684
      },
      "hybrid": {
        "recall@1": 0.19047619047619047,
        "precision@1": 0.6666666666666666,
        "ndcg@1": 0.6666666666666666,
        "hit@1": 0.6666666666666666,
        "recall@3": 0.4047619047619047,
        "precision@3": 0.5555555555555555,
        "ndcg@3": 0.6666666666666666,
        "hit@3": 0.6666666666666666,
        "recall@5": 0.42857142857142855,
        "precision@5": 0.4000000000000001,
        "ndcg@5": 0.6179772167190979,
        "hit@5": 0.6666666666666666,
        "recall@8": 0.7857142857142857,
        "precision@8": 0.3333333333333333,
        "ndcg@8": 0.6909521505273376,
        "hit@8": 1.0,
        "mrr": 0.7222222222222223,
        "map": 0.6446208866321649
      }
    },
    "summary": {
      "vector": {
        "recall@1": 0.06944444444444445,
        "precision@1": 1.0,
        "ndcg@1": 1.0,
        "hit@1": 1.0,
        "recall@3": 0.16666666666666666,