{
  "test_suite": "default",
  "retrieval": {
    "hybrid": {
      "recall@1": 0.38865079365079364,
      "recall@3": 0.5248412698412699,
      "recall@5": 0.6132539682539682,
      "recall@8": 0.7019047619047619,
      "hit@1": 0.4666666666666667,
      "hit@3": 0.6,
      "hit@5": 0.6,
      "hit@8": 0.6666666666666666,
      "precision@1": 0.4666666666666667,
      "precision@3": 0.3555555555555555,
      "precision@5": 0.3466666666666667,
      "precision@8": 0.3,
      "mrr": 0.5467948717948717,
      "map": 0.44606669505408997,
      "ndcg@1": 0.4666666666666667,
      "ndcg@3": 0.44206198357143045,
      "ndcg@5": 0.45042262996266796,
      "ndcg@8": 0.45159127737790333
    },
    "hybrid_reranked": {
      "recall@1": 0.5525396825396826,
      "recall@3": 0.6665079365079366,
      "recall@5": 0.7084920634920635,
      "recall@8": 0.7084920634920635,
      "hit@1": 0.7333333333333333,
      "hit@3": 0.7333333333333333,
      "hit@5": 0.7333333333333333,
      "hit@8": 0.7333333333333333,
      "precision@1": 0.7333333333333333,
      "precision@3": 0.5333333333333333,
      "precision@5": 0.48333333333333334,
      "precision@8": 0.48333333333333334,
      "mrr": 0.7333333333333333,
      "map": 0.4373809523809523,
      "ndcg@1": 0.7333333333333333,
      "ndcg@3": 0.6782131210037927,
      "ndcg@5": 0.6117283531019176,
      "ndcg@8": 0.5405853773857409
    }
  },
  "generation": {
    "faithfulness": 0.8733333333333333,
    "answer_relevance": 0.9533333333333335
  }
}